{
  "project_info": {
    "project_number": "419060608913",
    "firebase_url": "https://sqlite-f20f7.firebaseio.com",
    "project_id": "sqlite-f20f7",
    "storage_bucket": "sqlite-f20f7.appspot.com"
  },
  "client": [
    {
      "client_info": {
        "mobilesdk_app_id": "1:419060608913:android:58effeca5b477183e9b430",
        "android_client_info": {
          "package_name": "com.kaspulanwar.SQLITE"
        }
      },
      "oauth_client": [
        {
          "client_id": "419060608913-6bo7af0did7nmig8qtkia9qdneaei49t.apps.googleusercontent.com",
          "client_type": 1,
          "android_info": {
            "package_name": "com.kaspulanwar.SQLITE",
            "certificate_hash": "9a0d7c29b1d2318bcdcf1b2d3b08005dc1165409"
          }
        },
        {
          "client_id": "419060608913-adnmedi9kt7i5ufhb69qiund0lqfunju.apps.googleusercontent.com",
          "client_type": 3
        }
      ],
      "api_key": [
        {
          "current_key": "AIzaSyA7xFSlpIRdQJjOVv_VlCtPJqCbRbqrpNM"
        }
      ],
      "services": {
        "appinvite_service": {
          "other_platform_oauth_client": [
            {
              "client_id": "419060608913-adnmedi9kt7i5ufhb69qiund0lqfunju.apps.googleusercontent.com",
              "client_type": 3
            }
          ]
        }
      }
    }
  ],
  "configuration_version": "1"
}